{
    "1": {
        "userName": "root",
        "userPwd": "1"
    },
    "1123": {
        "userName": "齊人之福",
        "userPwd": "456"
    },
    "123": {
        "userName": "123",
        "userPwd": "123"
    },
    "123123": {
        "userName": "干你老師",
        "userPwd": "123"
    },
    "aa1234": {
        "userName": "aa1234",
        "userPwd": "aa1234"
    },
    "aaa1233": {
        "userName": "aaa1233",
        "userPwd": "aaa1233"
    },
    "asd": {
        "userName": "asd",
        "userPwd": "asd"
    },
    "asd123": {
        "userName": "ngiokweng",
        "userPwd": "123"
    },
    "asd12334": {
        "userName": "ngiokweng23",
        "userPwd": "1"
    },
    "j1": {
        "userName": "jason666",
        "userPwd": "1"
    },
    "jason123": {
        "userName": "jason",
        "userPwd": "1234"
    },
    "ngiokweng123": {
        "userName": "ngiokweng223",
        "userPwd": "ngiokweng123"
    }
}
